{
  "generated_at_utc": "2026-05-13T01:40:27Z",
  "univariate_pattern_original_worder_0_1": {
    "w_order_score_0.1": {
      "p95": 1.095118999481201,
      "p97": 1.1926935720443728,
      "p99": 1.296385254859924,
      "p99.5": 1.3190933489799501,
      "p99.7": 1.3239502444267275,
      "3sigma": 1.1878651406196197,
      "mean": 0.3977904484031957,
      "std": 0.263358230738808
    },
    "w_order_score_0.25": {
      "p95": 1.169987916946411,
      "p97": 1.267872695922852,
      "p99": 1.3709028339385985,
      "p99.5": 1.3921704101562502,
      "p99.7": 1.3977930245399477,
      "3sigma": 1.2617851609990258,
      "mean": 0.465661804627233,
      "std": 0.26537445212393096
    },
    "w_order_score_0.5": {
      "p95": 1.294139528274536,
      "p97": 1.3931712436676027,
      "p99": 1.4950989484786985,
      "p99.5": 1.5139655303955082,
      "p99.7": 1.5208643198013307,
      "3sigma": 1.385044042261658,
      "mean": 0.5787807366343488,
      "std": 0.268754435209103
    },
    "w_order_score_1.0": {
      "p95": 1.539448809623718,
      "p97": 1.6437682199478152,
      "p99": 1.7436981296539307,
      "p99.5": 1.7575558352470402,
      "p99.7": 1.7670070147514345,
      "3sigma": 1.6317725477194158,
      "mean": 0.8050185905788538,
      "std": 0.27558465238018737
    }
  },
  "univariate_pattern_original_worder_0_25": {
    "w_order_score_0.1": {
      "p95": 0.5823726296424862,
      "p97": 0.6465944576263428,
      "p99": 0.7005752205848693,
      "p99.5": 0.7029790842533112,
      "p99.7": 0.7047437920570375,
      "3sigma": 0.6374627727818954,
      "mean": 0.1976120439405734,
      "std": 0.14661690961377402
    },
    "w_order_score_0.25": {
      "p95": 0.6518056035041805,
      "p97": 0.7151367640495301,
      "p99": 0.7692547178268433,
      "p99.5": 0.7724236404895783,
      "p99.7": 0.7747496986389162,
      "3sigma": 0.7069156134156361,
      "mean": 0.27198494126568884,
      "std": 0.1449768907166491
    },
    "w_order_score_0.5": {
      "p95": 0.7675271868705745,
      "p97": 0.8293740415573121,
      "p99": 0.8837206363677979,
      "p99.5": 0.8881645369529726,
      "p99.7": 0.8914261772632599,
      "3sigma": 0.8227982026872251,
      "mean": 0.3959397692932611,
      "std": 0.1422861444646547
    },
    "w_order_score_1.0": {
      "p95": 0.9990864157676693,
      "p97": 1.0578484773635866,
      "p99": 1.1126523637771606,
      "p99.5": 1.1181056904792788,
      "p99.7": 1.1226336588859558,
      "3sigma": 1.0550765182928408,
      "mean": 0.6438494296204108,
      "std": 0.13707569622414337
    }
  },
  "univariate_pattern_original_worder_0_5": {
    "w_order_score_0.1": {
      "p95": 0.6009080052375789,
      "p97": 0.6765840888023377,
      "p99": 0.7217376542091369,
      "p99.5": 0.7240899848937988,
      "p99.7": 0.7267572405338292,
      "3sigma": 0.6544315902637317,
      "mean": 0.2165587750412905,
      "std": 0.14595760507414704
    },
    "w_order_score_0.25": {
      "p95": 0.68843822479248,
      "p97": 0.7686980390548707,
      "p99": 0.8116414356231689,
      "p99.5": 0.8155567944049835,
      "p99.7": 0.8181645915508274,
      "3sigma": 0.7441416441919497,
      "mean": 0.3015457220858681,
      "std": 0.14753197403536053
    },
    "w_order_score_0.5": {
      "p95": 0.8344395160675043,
      "p97": 0.9222212100028991,
      "p99": 0.9614811277389526,
      "p99.5": 0.9680015075206757,
      "p99.7": 0.9705102064609532,
      "3sigma": 0.893894825912787,
      "mean": 0.44319063516607055,
      "std": 0.15023473024890546
    },
    "w_order_score_1.0": {
      "p95": 1.130518198013305,
      "p97": 1.2277722072601318,
      "p99": 1.2611133956909177,
      "p99.5": 1.2729379725456238,
      "p99.7": 1.275716210842133,
      "3sigma": 1.1942317197638739,
      "mean": 0.7264804648864798,
      "std": 0.15591708495913137
    }
  },
  "univariate_pattern_allfeatures_worder_0_1": {
    "w_order_score_0.1": {
      "p95": 0.758214020729065,
      "p97": 0.8349117875099182,
      "p99": 0.8751418352127072,
      "p99.5": 0.8951367127895357,
      "p99.7": 0.898350631952286,
      "3sigma": 0.8336764383946734,
      "mean": 0.3426689203993859,
      "std": 0.16366917266509584
    },
    "w_order_score_0.25": {
      "p95": 0.8353405952453613,
      "p97": 0.9129044151306153,
      "p99": 0.9528278303146359,
      "p99.5": 0.9728082287311555,
      "p99.7": 0.9754576601982119,
      "3sigma": 0.9110103747429819,
      "mean": 0.42034095902084895,
      "std": 0.16355647190737763
    },
    "w_order_score_0.5": {
      "p95": 0.9638848662376402,
      "p97": 1.0428920888900757,
      "p99": 1.0823045158386226,
      "p99.5": 1.102260754108429,
      "p99.7": 1.1039694461822513,
      "3sigma": 1.0399428396304782,
      "mean": 0.5497943556552861,
      "std": 0.16338282799173068
    },
    "w_order_score_1.0": {
      "p95": 1.2226184844970702,
      "p97": 1.3028674030303955,
      "p99": 1.3409228754043576,
      "p99.5": 1.3615007066726685,
      "p99.7": 1.3646602077484133,
      "3sigma": 1.2979679800022572,
      "mean": 0.8087011492293036,
      "std": 0.16308894359098455
    }
  },
  "univariate_pattern_allfeatures_worder_0_25": {
    "w_order_score_0.1": {
      "p95": 0.669222569465637,
      "p97": 0.7275887918472295,
      "p99": 0.7781017851829529,
      "p99.5": 0.7831039202213289,
      "p99.7": 0.7975492250919362,
      "3sigma": 0.7426677655405984,
      "mean": 0.3028474953089151,
      "std": 0.14660675674389445
    },
    "w_order_score_0.25": {
      "p95": 0.7410712957382198,
      "p97": 0.8002853894233708,
      "p99": 0.8504180765151977,
      "p99.5": 0.8568821072578432,
      "p99.7": 0.869853690624239,
      "3sigma": 0.8141596081600277,
      "mean": 0.3710630342822026,
      "std": 0.14769885795927506
    },
    "w_order_score_0.5": {
      "p95": 0.8603540301322933,
      "p97": 0.922626729011536,
      "p99": 0.9737216782569884,
      "p99.5": 0.9800631427764893,
      "p99.7": 0.9903610510826129,
      "3sigma": 0.933440939574862,
      "mean": 0.4847556005769215,
      "std": 0.14956177966598017
    },
    "w_order_score_1.0": {
      "p95": 1.107177925109863,
      "p97": 1.1681296634674072,
      "p99": 1.221519889831543,
      "p99.5": 1.226911327838898,
      "p99.7": 1.2366981053352368,
      "3sigma": 1.17246328367324,
      "mean": 0.7121407324543585,
      "std": 0.15344085040629382
    }
  },
  "univariate_pattern_allfeatures_worder_0_5": {
    "w_order_score_0.1": {
      "p95": 0.9435775041580194,
      "p97": 1.0591636323928837,
      "p99": 1.254652600288391,
      "p99.5": 1.2831966519355784,
      "p99.7": 1.3074706974029544,
      "3sigma": 1.0528750848610269,
      "mean": 0.343920988485268,
      "std": 0.23631803212525296
    },
    "w_order_score_0.25": {
      "p95": 1.009628307819366,
      "p97": 1.1246670579910283,
      "p99": 1.3199483442306519,
      "p99.5": 1.3483340430259714,
      "p99.7": 1.372701526641846,
      "3sigma": 1.119391207054319,
      "mean": 0.4155406257703443,
      "std": 0.23461686042799162
    },
    "w_order_score_0.5": {
      "p95": 1.1197129964828485,
      "p97": 1.2338394641876225,
      "p99": 1.4287745904922484,
      "p99.5": 1.4568963551521312,
      "p99.7": 1.4814195008277897,
      "3sigma": 1.2303284182510312,
      "mean": 0.5349066882003289,
      "std": 0.2318072433502341
    },
    "w_order_score_1.0": {
      "p95": 1.3398823261260981,
      "p97": 1.4521842479705813,
      "p99": 1.6464271831512451,
      "p99.5": 1.6740209889411937,
      "p99.7": 1.6988555536270147,
      "3sigma": 1.4525045244098598,
      "mean": 0.7736388107208668,
      "std": 0.22628857122966428
    }
  }
}