{
  "source_scores_csv": "C:\\Users\\mohan\\Desktop\\gh\\CyberSatDetectprojct2\\CyberSatDetectprojct\\backend\\app\\evaluation_strict_v2\\window_scores.csv",
  "n_rows": 483792,
  "n_normal_rows": 241896,
  "n_attacked_rows": 241896,
  "label_stats": {
    "positives": 72588,
    "negatives": 411204
  },
  "picks": {
    "best_f1": {
      "available": 1,
      "threshold": 0.053294763,
      "TP": 55255,
      "TN": 397589,
      "FP": 13615,
      "FN": 17333,
      "accuracy": 0.9360303601547773,
      "balanced_accuracy": 0.8640519441419553,
      "precision": 0.8023086975461013,
      "recall": 0.7612139747616686,
      "tpr": 0.7612139747616686,
      "tnr": 0.966889913522242,
      "far": 0.033110086477758,
      "fpr": 0.033110086477758,
      "fnr": 0.2387860252383314,
      "f1": 0.7812212812283504,
      "youden_j": 0.7281038882839106,
      "far_on_normal": 0.03319608426761914
    },
    "best_balanced_accuracy": {
      "available": 1,
      "threshold": 0.049680911,
      "TP": 55381,
      "TN": 397230,
      "FP": 13974,
      "FN": 17207,
      "accuracy": 0.9355487482223765,
      "balanced_accuracy": 0.8644833332025126,
      "precision": 0.798514887174681,
      "recall": 0.7629497988648262,
      "tpr": 0.7629497988648262,
      "tnr": 0.966016867540199,
      "far": 0.033983132459800974,
      "fpr": 0.033983132459800974,
      "fnr": 0.23705020113517386,
      "f1": 0.7803273144853919,
      "youden_j": 0.7289666664050252,
      "far_on_normal": 0.03406835995634488
    },
    "best_youden_j": {
      "available": 1,
      "threshold": 0.049680911,
      "TP": 55381,
      "TN": 397230,
      "FP": 13974,
      "FN": 17207,
      "accuracy": 0.9355487482223765,
      "balanced_accuracy": 0.8644833332025126,
      "precision": 0.798514887174681,
      "recall": 0.7629497988648262,
      "tpr": 0.7629497988648262,
      "tnr": 0.966016867540199,
      "far": 0.033983132459800974,
      "fpr": 0.033983132459800974,
      "fnr": 0.23705020113517386,
      "f1": 0.7803273144853919,
      "youden_j": 0.7289666664050252,
      "far_on_normal": 0.03406835995634488
    },
    "far_le_1pct": {
      "available": 1,
      "threshold": 8.4355211,
      "TP": 1,
      "TN": 411204,
      "FP": 0,
      "FN": 72587,
      "accuracy": 0.8499623805271687,
      "balanced_accuracy": 0.5000068881908856,
      "precision": 1.0,
      "recall": 1.3776381771091641e-05,
      "tpr": 1.3776381771091641e-05,
      "tnr": 1.0,
      "far": 0.0,
      "fpr": 0.0,
      "fnr": 0.9999862236182289,
      "f1": 2.7552383970023006e-05,
      "youden_j": 1.3776381771091641e-05,
      "far_on_normal": 0.0
    },
    "far_le_0.5pct": {
      "available": 1,
      "threshold": 8.4355211,
      "TP": 1,
      "TN": 411204,
      "FP": 0,
      "FN": 72587,
      "accuracy": 0.8499623805271687,
      "balanced_accuracy": 0.5000068881908856,
      "precision": 1.0,
      "recall": 1.3776381771091641e-05,
      "tpr": 1.3776381771091641e-05,
      "tnr": 1.0,
      "far": 0.0,
      "fpr": 0.0,
      "fnr": 0.9999862236182289,
      "f1": 2.7552383970023006e-05,
      "youden_j": 1.3776381771091641e-05,
      "far_on_normal": 0.0
    },
    "recall_ge_90pct": {
      "available": 1,
      "threshold": 0.0019300209,
      "TP": 65846,
      "TN": 212634,
      "FP": 198570,
      "FN": 6742,
      "accuracy": 0.5756192743989152,
      "balanced_accuracy": 0.7121103175311629,
      "precision": 0.2490242647948687,
      "recall": 0.9071196340993002,
      "tpr": 0.9071196340993002,
      "tnr": 0.5171010009630257,
      "far": 0.48289899903697436,
      "fpr": 0.48289899903697436,
      "fnr": 0.09288036590069984,
      "f1": 0.3907728098182811,
      "youden_j": 0.4242206350623258,
      "far_on_normal": 0.4826743724575851
    }
  },
  "notes": [
    "best_* picks are computed using all rows and y_true.",
    "FAR constraints are computed using only rows with split='normal' from the CSV.",
    "If your window_scores.csv was generated with a row limit, results reflect only that subset."
  ]
}