{
  "best_f1": 0.9493400486279958,
  "best_threshold": 0.05090320985004883,
  "sweep_points": 500,
  "grid_min": 0.00016665642033331096,
  "grid_max": 6.329551696777344
}