attack_type,threshold_name,threshold,n_windows,accuracy,precision,recall,far,f1,balanced_accuracy,TP,TN,FP,FN
drift,p99,0.20287272334098816,238746,0.9848877049248993,0.5168421052631579,0.13489010989010988,0.0019523108725425977,0.21394335511982573,0.5664688995087837,491,234647,459,3149
drift,best_f1,0.05090320985004883,238746,0.9898260075561476,0.5997693194925029,1.0,0.010331510042278802,0.7498197548666186,0.9948342449788605,3640,232677,2429,0
freeze,p99,0.20287272334098816,269759,0.9728053558917404,0.882537517053206,0.4997682323856613,0.0033526079084165643,0.6381572457334518,0.7482078122386224,6469,255954,861,6475
freeze,best_f1,0.05090320985004883,269759,0.9890012937473819,0.815109595098225,0.9969097651421508,0.011397309347195453,0.896889661164205,0.9927562278974777,12904,253888,2927,40
noise,p99,0.20287272334098816,290054,0.9850579547256718,0.9445385266723116,0.8204791425869497,0.0033835141317983914,0.87814889788574,0.9085478142275756,15617,270103,917,3417
noise,best_f1,0.05090320985004883,290054,0.9902087197556317,0.8703009238086526,0.9997898497425659,0.010464172385801785,0.9305623471882641,0.994662838678382,19030,268184,2836,4
spike,p99,0.20287272334098816,290256,0.9967408081142164,0.9726534013959788,0.9779511888551378,0.0019361119920932874,0.9752951008043456,0.9880075384315222,18673,270637,525,421
spike,best_f1,0.05090320985004883,290256,0.9915109420649357,0.8858826805271951,0.9997381376348591,0.009068379787728368,0.9393730623492939,0.9953348789235654,19089,268703,2459,5
