{
  "best_f1": 0.9493400486279959,
  "best_threshold": 0.050903208911756495,
  "sweep_points": 500,
  "grid_min": 0.00016665547445882112,
  "grid_max": 6.329551696777344
}