threshold_name,threshold_value,TP,TN,FP,FN
p99,0.20287272334098816,41250,352579,1655,13462
p99_5,0.29965412616729736,35799,353063,1171,18913
best_f1,0.050903208911756495,54663,348449,5785,49
